{
  "IcoMoonType": "selection",
  "icons": [
    {
      "icon": {
        "width": 1280,
        "paths": [
          "M640 576c105.87 0 201.87 43.066 271.402 112.598l-90.468 90.468c-46.354-46.356-110.356-75.066-180.934-75.066s-134.578 28.71-180.934 75.066l-90.468-90.468c69.532-69.532 165.532-112.598 271.402-112.598zM187.452 507.452c120.88-120.88 281.598-187.452 452.548-187.452s331.668 66.572 452.55 187.452l-90.51 90.508c-96.706-96.704-225.28-149.96-362.040-149.96-136.762 0-265.334 53.256-362.038 149.962l-90.51-90.51zM988.784 134.438c106.702 45.132 202.516 109.728 284.782 191.996v0l-90.508 90.508c-145.056-145.056-337.92-224.942-543.058-224.942-205.14 0-398 79.886-543.058 224.942l-90.51-90.51c82.268-82.266 178.082-146.862 284.784-191.994 110.504-46.738 227.852-70.438 348.784-70.438s238.278 23.7 348.784 70.438zM576 896c0-35.346 28.654-64 64-64s64 28.654 64 64c0 35.346-28.654 64-64 64s-64-28.654-64-64z"
        ],
        "tags": [
          "connection",
          "wifi",
          "wave"
        ],
        "defaultCode": 59675,
        "grid": 16,
        "attrs": []
      },
      "attrs": [],
      "properties": {
        "ligatures": "connection, wifi",
        "name": "connection",
        "order": 2,
        "id": 28,
        "prevSize": 32,
        "code": 59675
      },
      "setIdx": 1,
      "setId": 1,
      "iconIdx": 27
    },
    {
      "icon": {
        "paths": [
          "M480 704c88.366 0 160-71.634 160-160v-384c0-88.366-71.634-160-160-160s-160 71.634-160 160v384c0 88.366 71.636 160 160 160zM704 448v96c0 123.71-100.29 224-224 224-123.712 0-224-100.29-224-224v-96h-64v96c0 148.238 112.004 270.3 256 286.22v129.78h-128v64h320v-64h-128v-129.78c143.994-15.92 256-137.982 256-286.22v-96h-64z"
        ],
        "tags": [
          "mic",
          "microphone",
          "voice",
          "audio"
        ],
        "defaultCode": 59678,
        "grid": 16,
        "attrs": []
      },
      "attrs": [],
      "properties": {
        "ligatures": "mic, microphone",
        "name": "mic",
        "order": 3,
        "id": 31,
        "prevSize": 32,
        "code": 59678
      },
      "setIdx": 1,
      "setId": 1,
      "iconIdx": 30
    },
    {
      "icon": {
        "paths": [
          "M512 0c-176.732 0-320 143.268-320 320 0 320 320 704 320 704s320-384 320-704c0-176.732-143.27-320-320-320zM512 512c-106.040 0-192-85.96-192-192s85.96-192 192-192 192 85.96 192 192-85.96 192-192 192z"
        ],
        "tags": [
          "location",
          "map-marker",
          "pin"
        ],
        "defaultCode": 59719,
        "grid": 16,
        "attrs": []
      },
      "attrs": [],
      "properties": {
        "ligatures": "location, map-marker",
        "name": "location",
        "order": 5,
        "id": 72,
        "prevSize": 32,
        "code": 59719
      },
      "setIdx": 1,
      "setId": 1,
      "iconIdx": 71
    },
    {
      "icon": {
        "paths": [
          "M512 0c-176.732 0-320 143.268-320 320 0 320 320 704 320 704s320-384 320-704c0-176.732-143.27-320-320-320zM512 516c-108.248 0-196-87.752-196-196s87.752-196 196-196 196 87.752 196 196-87.752 196-196 196zM388 320c0-68.483 55.517-124 124-124s124 55.517 124 124c0 68.483-55.517 124-124 124s-124-55.517-124-124z"
        ],
        "tags": [
          "location",
          "map-marker",
          "pin"
        ],
        "defaultCode": 59720,
        "grid": 16,
        "attrs": []
      },
      "attrs": [],
      "properties": {
        "ligatures": "location2, map-marker2",
        "name": "location2",
        "order": 4,
        "id": 73,
        "prevSize": 32,
        "code": 59720
      },
      "setIdx": 1,
      "setId": 1,
      "iconIdx": 72
    },
    {
      "icon": {
        "paths": [
          "M0 64v640h1024v-640h-1024zM960 640h-896v-512h896v512zM672 768h-320l-32 128-64 64h512l-64-64z"
        ],
        "tags": [
          "display",
          "screen",
          "monitor",
          "computer",
          "desktop",
          "pc"
        ],
        "defaultCode": 59734,
        "grid": 16,
        "attrs": []
      },
      "attrs": [],
      "properties": {
        "ligatures": "display, screen",
        "name": "display",
        "order": 7,
        "id": 87,
        "prevSize": 32,
        "code": 59734
      },
      "setIdx": 1,
      "setId": 1,
      "iconIdx": 86
    },
    {
      "icon": {
        "paths": [
          "M736 0h-448c-52.8 0-96 43.2-96 96v832c0 52.8 43.2 96 96 96h448c52.8 0 96-43.2 96-96v-832c0-52.8-43.2-96-96-96zM384 48h256v32h-256v-32zM512 960c-35.346 0-64-28.654-64-64s28.654-64 64-64 64 28.654 64 64-28.654 64-64 64zM768 768h-512v-640h512v640z"
        ],
        "tags": [
          "mobile",
          "cell-phone",
          "handheld"
        ],
        "defaultCode": 59736,
        "grid": 16,
        "attrs": []
      },
      "attrs": [],
      "properties": {
        "ligatures": "mobile, cell-phone",
        "name": "mobile",
        "order": 6,
        "id": 89,
        "prevSize": 32,
        "code": 59736
      },
      "setIdx": 1,
      "setId": 1,
      "iconIdx": 88
    },
    {
      "icon": {
        "paths": [
          "M992.262 871.396l-242.552-206.294c-25.074-22.566-51.89-32.926-73.552-31.926 57.256-67.068 91.842-154.078 91.842-249.176 0-212.078-171.922-384-384-384-212.076 0-384 171.922-384 384s171.922 384 384 384c95.098 0 182.108-34.586 249.176-91.844-1 21.662 9.36 48.478 31.926 73.552l206.294 242.552c35.322 39.246 93.022 42.554 128.22 7.356s31.892-92.898-7.354-128.22zM384 640c-141.384 0-256-114.616-256-256s114.616-256 256-256 256 114.616 256 256-114.614 256-256 256z"
        ],
        "tags": [
          "search",
          "magnifier",
          "magnifying-glass",
          "inspect",
          "find"
        ],
        "defaultCode": 59782,
        "grid": 16,
        "attrs": []
      },
      "attrs": [],
      "properties": {
        "ligatures": "search, magnifier",
        "name": "search",
        "order": 8,
        "id": 135,
        "prevSize": 32,
        "code": 59782
      },
      "setIdx": 1,
      "setId": 1,
      "iconIdx": 134
    },
    {
      "icon": {
        "paths": [
          "M992.262 871.396l-242.552-206.294c-25.074-22.566-51.89-32.926-73.552-31.926 57.256-67.068 91.842-154.078 91.842-249.176 0-212.078-171.922-384-384-384-212.076 0-384 171.922-384 384s171.922 384 384 384c95.098 0 182.108-34.586 249.176-91.844-1 21.662 9.36 48.478 31.926 73.552l206.294 242.552c35.322 39.246 93.022 42.554 128.22 7.356s31.892-92.898-7.354-128.22zM384 640c-141.384 0-256-114.616-256-256s114.616-256 256-256 256 114.616 256 256-114.614 256-256 256zM448 192h-128v128h-128v128h128v128h128v-128h128v-128h-128z"
        ],
        "tags": [
          "zoom-in",
          "magnifier",
          "magnifier-plus",
          "enlarge"
        ],
        "defaultCode": 59783,
        "grid": 16,
        "attrs": []
      },
      "attrs": [],
      "properties": {
        "ligatures": "zoom-in, magnifier2",
        "name": "zoom-in",
        "order": 9,
        "id": 136,
        "prevSize": 32,
        "code": 59783
      },
      "setIdx": 1,
      "setId": 1,
      "iconIdx": 135
    },
    {
      "icon": {
        "paths": [
          "M992.262 871.396l-242.552-206.294c-25.074-22.566-51.89-32.926-73.552-31.926 57.256-67.068 91.842-154.078 91.842-249.176 0-212.078-171.922-384-384-384-212.076 0-384 171.922-384 384s171.922 384 384 384c95.098 0 182.108-34.586 249.176-91.844-1 21.662 9.36 48.478 31.926 73.552l206.294 242.552c35.322 39.246 93.022 42.554 128.22 7.356s31.892-92.898-7.354-128.22zM384 640c-141.384 0-256-114.616-256-256s114.616-256 256-256 256 114.616 256 256-114.614 256-256 256zM192 320h384v128h-384z"
        ],
        "tags": [
          "zoom-out",
          "magnifier",
          "magnifier-minus",
          "reduce"
        ],
        "defaultCode": 59784,
        "grid": 16,
        "attrs": []
      },
      "attrs": [],
      "properties": {
        "ligatures": "zoom-out, magnifier3",
        "name": "zoom-out",
        "order": 10,
        "id": 137,
        "prevSize": 32,
        "code": 59784
      },
      "setIdx": 1,
      "setId": 1,
      "iconIdx": 136
    },
    {
      "icon": {
        "paths": [
          "M512 1024c282.77 0 512-229.23 512-512s-229.23-512-512-512-512 229.23-512 512 229.23 512 512 512zM512 96c229.75 0 416 186.25 416 416s-186.25 416-416 416-416-186.25-416-416 186.25-416 416-416zM512 598.76c115.95 0 226.23-30.806 320-84.92-14.574 178.438-153.128 318.16-320 318.16-166.868 0-305.422-139.872-320-318.304 93.77 54.112 204.050 85.064 320 85.064zM256 352c0-53.019 28.654-96 64-96s64 42.981 64 96c0 53.019-28.654 96-64 96s-64-42.981-64-96zM640 352c0-53.019 28.654-96 64-96s64 42.981 64 96c0 53.019-28.654 96-64 96s-64-42.981-64-96z"
        ],
        "tags": [
          "happy",
          "emoticon",
          "smiley",
          "face"
        ],
        "defaultCode": 59871,
        "grid": 16,
        "attrs": []
      },
      "attrs": [],
      "properties": {
        "ligatures": "happy, emoticon",
        "name": "happy",
        "order": 11,
        "id": 224,
        "prevSize": 32,
        "code": 59871
      },
      "setIdx": 1,
      "setId": 1,
      "iconIdx": 223
    },
    {
      "icon": {
        "paths": [
          "M512 1024c282.77 0 512-229.23 512-512s-229.23-512-512-512-512 229.23-512 512 229.23 512 512 512zM512 96c229.75 0 416 186.25 416 416s-186.25 416-416 416-416-186.25-416-416 186.25-416 416-416zM800 256c17.6 0 32 14.4 32 32v96c0 35.2-28.8 64-64 64h-128c-35.2 0-64-28.8-64-64h-128c0 35.2-28.8 64-64 64h-128c-35.2 0-64-28.8-64-64v-96c0-17.6 14.4-32 32-32h192c17.6 0 32 14.4 32 32v32h128v-32c0-17.6 14.4-32 32-32h192zM512 768c93.208 0 174.772-49.818 219.546-124.278l54.88 32.934c-55.966 93.070-157.916 155.344-274.426 155.344-48.458 0-94.384-10.796-135.54-30.082l33.162-55.278c31.354 13.714 65.964 21.36 102.378 21.36z"
        ],
        "tags": [
          "cool",
          "emoticon",
          "smiley",
          "face"
        ],
        "defaultCode": 59883,
        "grid": 16,
        "attrs": []
      },
      "attrs": [],
      "properties": {
        "ligatures": "cool, emoticon13",
        "name": "cool",
        "order": 12,
        "id": 236,
        "prevSize": 32,
        "code": 59883
      },
      "setIdx": 1,
      "setId": 1,
      "iconIdx": 235
    },
    {
      "icon": {
        "paths": [
          "M1014.662 822.66c-0.004-0.004-0.008-0.008-0.012-0.010l-310.644-310.65 310.644-310.65c0.004-0.004 0.008-0.006 0.012-0.010 3.344-3.346 5.762-7.254 7.312-11.416 4.246-11.376 1.824-24.682-7.324-33.83l-146.746-146.746c-9.148-9.146-22.45-11.566-33.828-7.32-4.16 1.55-8.070 3.968-11.418 7.31 0 0.004-0.004 0.006-0.008 0.010l-310.648 310.652-310.648-310.65c-0.004-0.004-0.006-0.006-0.010-0.010-3.346-3.342-7.254-5.76-11.414-7.31-11.38-4.248-24.682-1.826-33.83 7.32l-146.748 146.748c-9.148 9.148-11.568 22.452-7.322 33.828 1.552 4.16 3.97 8.072 7.312 11.416 0.004 0.002 0.006 0.006 0.010 0.010l310.65 310.648-310.65 310.652c-0.002 0.004-0.006 0.006-0.008 0.010-3.342 3.346-5.76 7.254-7.314 11.414-4.248 11.376-1.826 24.682 7.322 33.83l146.748 146.746c9.15 9.148 22.452 11.568 33.83 7.322 4.16-1.552 8.070-3.97 11.416-7.312 0.002-0.004 0.006-0.006 0.010-0.010l310.648-310.65 310.648 310.65c0.004 0.002 0.008 0.006 0.012 0.008 3.348 3.344 7.254 5.762 11.414 7.314 11.378 4.246 24.684 1.826 33.828-7.322l146.746-146.748c9.148-9.148 11.57-22.454 7.324-33.83-1.552-4.16-3.97-8.068-7.314-11.414z"
        ],
        "tags": [
          "cross",
          "cancel",
          "close",
          "quit",
          "remove"
        ],
        "defaultCode": 59919,
        "grid": 16,
        "attrs": []
      },
      "attrs": [],
      "properties": {
        "ligatures": "cross, cancel",
        "name": "cross",
        "order": 14,
        "id": 272,
        "prevSize": 32,
        "code": 59919
      },
      "setIdx": 1,
      "setId": 1,
      "iconIdx": 271
    },
    {
      "icon": {
        "paths": [
          "M864 128l-480 480-224-224-160 160 384 384 640-640z"
        ],
        "tags": [
          "checkmark",
          "tick",
          "correct",
          "accept",
          "ok"
        ],
        "defaultCode": 59920,
        "grid": 16,
        "attrs": []
      },
      "attrs": [],
      "properties": {
        "ligatures": "checkmark, tick",
        "name": "checkmark",
        "order": 13,
        "id": 273,
        "prevSize": 32,
        "code": 59920
      },
      "setIdx": 1,
      "setId": 1,
      "iconIdx": 272
    },
    {
      "icon": {
        "paths": [
          "M576 736.014c0-8.908 3.698-17.77 10.928-24.096l228.478-199.918-228.478-199.918c-13.3-11.636-14.65-31.856-3.010-45.154 11.638-13.3 31.854-14.648 45.154-3.010l256 224c6.944 6.076 10.928 14.854 10.928 24.082s-3.984 18.006-10.928 24.082l-256 224c-13.3 11.638-33.516 10.292-45.154-3.010-5.312-6.070-7.918-13.582-7.918-21.058z"
        ],
        "tags": [
          "ctrl",
          "control"
        ],
        "defaultCode": 59984,
        "grid": 16,
        "attrs": []
      },
      "attrs": [],
      "properties": {
        "ligatures": "ctrl, control",
        "name": "ctrl",
        "order": 15,
        "id": 337,
        "prevSize": 32,
        "code": 59984
      },
      "setIdx": 1,
      "setId": 1,
      "iconIdx": 335
    },
    {
      "icon": {
        "paths": [
          "M576 736.014c0-8.908 3.698-17.77 10.928-24.096l228.478-199.918-228.478-199.918c-13.3-11.636-14.65-31.856-3.010-45.154 11.638-13.3 31.854-14.648 45.154-3.010l256 224c6.944 6.076 10.928 14.854 10.928 24.082s-3.984 18.006-10.928 24.082l-256 224c-13.3 11.638-33.516 10.292-45.154-3.010-5.312-6.070-7.918-13.582-7.918-21.058z"
        ],
        "tags": [
          "ctrl",
          "control"
        ],
        "defaultCode": 59984,
        "grid": 16,
        "attrs": []
      },
      "attrs": [],
      "properties": {
        "order": 17,
        "id": 493,
        "prevSize": 32,
        "code": 59985,
        "name": "ctrl2"
      },
      "setIdx": 1,
      "setId": 1,
      "iconIdx": 336
    },
    {
      "icon": {
        "paths": [
          "M287.986 576c8.908 0 17.77 3.698 24.096 10.928l199.918 228.478 199.918-228.478c11.636-13.3 31.856-14.65 45.154-3.010 13.3 11.638 14.648 31.854 3.010 45.154l-224 256c-6.076 6.944-14.854 10.928-24.082 10.928s-18.006-3.984-24.082-10.928l-224-256c-11.638-13.3-10.292-33.516 3.010-45.154 6.070-5.312 13.582-7.918 21.058-7.918z"
        ],
        "tags": [
          "ctrl",
          "control"
        ],
        "defaultCode": 59984,
        "grid": 16,
        "attrs": []
      },
      "attrs": [],
      "properties": {
        "order": 18,
        "id": 492,
        "prevSize": 32,
        "code": 59986,
        "name": "ctrl3"
      },
      "setIdx": 1,
      "setId": 1,
      "iconIdx": 337
    }
  ],
  "height": 1024,
  "metadata": {
    "name": "icomoon"
  },
  "preferences": {
    "showGlyphs": true,
    "showQuickUse": true,
    "showQuickUse2": true,
    "showSVGs": true,
    "fontPref": {
      "prefix": "icon-",
      "metadata": {
        "fontFamily": "icomoon"
      },
      "metrics": {
        "emSize": 1024,
        "baseline": 6.25,
        "whitespace": 50
      },
      "embed": false
    },
    "imagePref": {
      "prefix": "icon-",
      "png": true,
      "useClassSelector": true,
      "color": 0,
      "bgColor": 16777215,
      "classSelector": ".icon"
    },
    "historySize": 50,
    "showCodes": true,
    "gridSize": 16
  }
}